{
    "task_index": {
        "min": [
            0
        ],
        "max": [
            0
        ],
        "mean": [
            0.0
        ],
        "std": [
            0.0
        ],
        "count": [
            17867
        ],
        "q01": [
            3.999999999999419e-16
        ],
        "q10": [
            3.999999999999418e-15
        ],
        "q50": [
            1.9999999999997084e-14
        ],
        "q90": [
            3.5999999999994766e-14
        ],
        "q99": [
            3.959999999999425e-14
        ]
    },
    "observation.images.front": {
        "min": [
            [
                [
                    0.0
                ]
            ],
            [
                [
                    0.0
                ]
            ],
            [
                [
                    0.0
                ]
            ]
        ],
        "max": [
            [
                [
                    1.0
                ]
            ],
            [
                [
                    1.0
                ]
            ],
            [
                [
                    1.0
                ]
            ]
        ],
        "mean": [
            [
                [
                    0.45104777452493344
                ]
            ],
            [
                [
                    0.5395802047022515
                ]
            ],
            [
                [
                    0.5078625623335752
                ]
            ]
        ],
        "std": [
            [
                [
                    0.010579723723418628
                ]
            ],
            [
                [
                    0.018102971823059557
                ]
            ],
            [
                [
                    0.018222373016799437
                ]
            ]
        ],
        "count": [
            3600
        ],
        "q01": [
            [
                [
                    -3.9215686274509807e-13
                ]
            ],
            [
                [
                    0.015971029355412385
                ]
            ],
            [
                [
                    -3.9215686274509807e-13
                ]
            ]
        ],
        "q10": [
            [
                [
                    -3.9215686274509807e-13
                ]
            ],
            [
                [
                    0.264700052678366
                ]
            ],
            [
                [
                    0.19664326747680727
                ]
            ]
        ],
        "q50": [
            [
                [
                    0.6103106711554899
                ]
            ],
            [
                [
                    0.5823620095128984
                ]
            ],
            [
                [
                    0.5653570309967182
                ]
            ]
        ],
        "q90": [
            [
                [
                    0.7920197442367873
                ]
            ],
            [
                [
                    0.764700196640239
                ]
            ],
            [
                [
                    0.7600954660643415
                ]
            ]
        ],
        "q99": [
            [
                [
                    0.8648219160555454
                ]
            ],
            [
                [
                    0.8352945318950471
                ]
            ],
            [
                [
                    0.8308608464204764
                ]
            ]
        ]
    },
    "frame_index": {
        "min": [
            0
        ],
        "max": [
            595
        ],
        "mean": [
            297.2835394862036
        ],
        "std": [
            171.92540232064113
        ],
        "count": [
            17867
        ],
        "q01": [
            5.108006032251861
        ],
        "q10": [
            58.97977678393505
        ],
        "q50": [
            296.9878943862986
        ],
        "q90": [
            535.5873021884723
        ],
        "q99": [
            589.4590729401554
        ]
    },
    "action": {
        "min": [
            -79.77143096923828,
            -100.0,
            -43.70438003540039,
            22.27488136291504,
            -100.0,
            0.0
        ],
        "max": [
            33.371429443359375,
            45.331642150878906,
            100.0,
            100.0,
            -33.74308395385742,
            69.84127044677734
        ],
        "mean": [
            -13.768858659563998,
            -57.61565815633149,
            62.35753954198142,
            70.46727829462014,
            -78.04566474411105,
            11.102518851791611
        ],
        "std": [
            21.189630511402353,
            44.12112077716255,
            38.71280518288186,
            12.077346905591023,
            10.654926770645249,
            16.164751106986113
        ],
        "count": [
            17867
        ],
        "q01": [
            -53.58123443302722,
            -99.06555828108937,
            0.557398249751648,
            46.573929354485635,
            -90.16310791871007,
            0.8870441436436141
        ],
        "q10": [
            -47.6399195683392,
            -98.93280743995014,
            12.253044744999967,
            55.49143696595863,
            -88.29443479111391,
            1.0521081689354146
        ],
        "q50": [
            -8.41326837911275,
            -75.91892353001661,
            69.70432299074446,
            70.89717409786182,
            -78.72492614857998,
            6.640435980119862
        ],
        "q90": [
            10.857160832963245,
            3.2783216066440755,
            99.75256505350647,
            83.59433550140898,
            -66.55238129517863,
            31.47426206349571
        ],
        "q99": [
            16.94240901934284,
            9.434008370990936,
            99.76011363486316,
            93.22547106058478,
            -61.912714652624345,
            33.51604056555328
        ]
    },
    "observation.state": {
        "min": [
            -79.1881103515625,
            -99.1550521850586,
            -40.89253234863281,
            22.625215530395508,
            -99.69428253173828,
            0.5517241358757019
        ],
        "max": [
            32.30417251586914,
            44.23320770263672,
            99.8178482055664,
            99.82728576660156,
            -33.90400314331055,
            69.51724243164062
        ],
        "mean": [
            -13.967598334679561,
            -57.21014588381052,
            63.28372129035822,
            70.56190239341643,
            -78.03379497975372,
            12.099532810837179
        ],
        "std": [
            21.12411586941577,
            44.374428885688076,
            37.93538638124508,
            11.960280152140166,
            10.601683522778577,
            15.404658576070936
        ],
        "count": [
            17867
        ],
        "q01": [
            -53.299475693047725,
            -98.8825554461888,
            3.0748568542433623,
            47.016544537039934,
            -89.89602397055826,
            2.2472061715294287
        ],
        "q10": [
            -47.71609469921407,
            -98.7275909242568,
            14.177438531855465,
            55.84674548830229,
            -88.16624382973794,
            2.360432663309985
        ],
        "q50": [
            -8.820231978933432,
            -75.86788040316083,
            70.85366003067857,
            70.91589792613397,
            -78.80417134362177,
            8.177937825629936
        ],
        "q90": [
            10.774690854286465,
            4.022447533654147,
            99.64491395522214,
            83.69646157583134,
            -66.56307870978124,
            31.156743251184512
        ],